y_true,mean_abs_delta_phase,mean_gyro_magnitude
5,0.6009906530380249,1.2768950462341309
0,0.1700361967086792,0.05083919316530228
0,0.19781190156936646,0.04767899960279465
0,0.2661079168319702,0.04568448290228844
0,0.7327941060066223,2.1575210094451904
0,0.19978521764278412,0.03583115339279175
0,0.7555014491081238,1.8134989738464355
0,0.768277645111084,1.7770233154296875
0,0.7329241037368774,2.505385398864746
0,0.7823737263679504,2.6662778854370117
0,0.22416019439697266,0.08329293131828308
0,0.34756234288215637,0.10032184422016144
0,0.23045223951339722,0.06372641772031784
0,0.7698351740837097,2.3873443603515625
0,0.7745817303657532,1.700505018234253
0,0.3083426356315613,0.11661341041326523
0,0.33346232771873474,0.22849726676940918
0,0.26253774762153625,0.07376772165298462
0,0.7721280455589294,1.6600748300552368
0,0.7318402528762817,4.110487461090088
0,0.2123938351869583,0.11083351075649261
0,0.6965813636779785,2.7090954780578613
0,0.7939274907112122,1.921057105064392
0,0.5661189556121826,0.368618369102478
0,0.18907159566879272,0.04894536733627319
0,0.7100725769996643,3.732043743133545
0,0.7728151082992554,1.7424862384796143
0,0.740037739276886,1.8802905082702637
0,0.808785617351532,1.7187544107437134
0,0.4710147976875305,0.39779049158096313
0,0.7675020694732666,2.432633638381958
0,0.32717981934547424,0.07815699279308319
0,0.7784354090690613,1.593496561050415
0,0.7764151692390442,1.5070569515228271
0,0.598214328289032,0.8306699991226196
0,0.7868581414222717,0.8064073324203491
0,0.5442972183227539,0.2410264015197754
0,0.3690945506095886,0.23145678639411926
6,0.6221689581871033,2.3495497703552246
0,0.16567236185073853,0.03925677761435509
0,0.16510193049907684,0.060841936618089676
0,0.2993292510509491,0.041684702038764954
0,0.32383468747138977,0.11472230404615402
0,0.7619032859802246,2.380333662033081
0,0.21279937028884888,0.08189066499471664
0,0.7706306576728821,2.4458260536193848
5,0.6756477952003479,2.3336844444274902
0,0.7443563938140869,2.670092821121216
0,0.18569578230381012,0.03862546384334564
0,0.5563643574714661,0.34345853328704834
0,0.19929882884025574,0.05419669672846794
0,0.32154011726379395,0.057914890348911285
0,0.15521910786628723,0.07589366286993027
0,0.3635745942592621,0.24336573481559753
0,0.8038230538368225,1.4419509172439575
0,0.8176264762878418,1.4782973527908325
0,0.4673703908920288,0.20165055990219116
0,0.7766427993774414,1.3678038120269775
0,0.20663656294345856,0.0423036552965641
0,0.7535551190376282,1.3553966283798218
0,0.7830653786659241,2.4173743724823
0,0.776260495185852,1.650097370147705
0,0.32941365242004395,0.06457511335611343
0,0.78609699010849,1.601104497909546
0,0.29827767610549927,0.05836187303066254
0,0.7487260699272156,2.316209316253662
6,0.6830273866653442,3.188676357269287
0,0.7702906727790833,2.34561824798584
0,0.8136703968048096,1.4728128910064697
0,0.23297624289989471,0.0459367036819458
0,0.7931665182113647,1.812119483947754
0,0.7399036884307861,2.783534526824951
0,0.7773981690406799,2.597564220428467
0,0.2152191549539566,0.07300181686878204
0,0.6782880425453186,1.744626760482788
0,0.3260842561721802,0.04599305987358093
0,0.2539156675338745,0.08531388640403748
0,0.16027401387691498,0.03487680107355118
0,0.777427613735199,1.5705392360687256
0,0.7600533962249756,2.1316781044006348
0,0.2067674696445465,0.039805516600608826
0,0.7906429171562195,1.8884974718093872
0,0.7642717957496643,2.4296116828918457
0,0.2975965440273285,0.08677853643894196
0,0.7961960434913635,2.871392250061035
0,0.2391035556793213,0.04250151664018631
0,0.7375833988189697,2.0282785892486572
0,0.7830167412757874,2.4092512130737305
0,0.7488038539886475,2.223219871520996
0,0.20062868297100067,0.06164607033133507
0,0.7298043370246887,3.0842201709747314
0,0.3173598647117615,0.10894747078418732
0,0.7619192004203796,1.5592091083526611
0,0.2404501587152481,0.06609201431274414
0,0.7181222438812256,2.130765914916992
0,0.7188736796379089,2.3055834770202637
0,0.28867223858833313,0.041960328817367554
0,0.3288514316082001,0.06844893097877502
0,0.21770936250686646,0.11315163969993591
0,0.7808578014373779,3.0979323387145996
0,0.7394274473190308,2.3365235328674316
0,0.21759900450706482,0.050326868891716
0,0.34404420852661133,0.1253436952829361
0,0.7521459460258484,2.4435317516326904
0,0.3195515275001526,0.06553348898887634
0,0.4458718001842499,0.16641239821910858
0,0.7715729475021362,1.432361364364624
0,0.2521722614765167,0.06662556529045105
0,0.3316226005554199,0.10515965521335602
0,0.7565954923629761,2.0032501220703125
0,0.7375054359436035,2.2330169677734375
0,0.774495542049408,2.3018174171447754
0,0.32278913259506226,0.1586841195821762
0,0.3565477430820465,0.07739514112472534
0,0.7061623930931091,1.4467275142669678
0,0.33754101395606995,0.07937376201152802
0,0.23495569825172424,0.0655222162604332
0,0.30633699893951416,0.04860641807317734
0,0.3951665461063385,0.6531978249549866
0,0.2137439250946045,0.07362311333417892
0,0.24817830324172974,0.12166468054056168
0,0.2010677009820938,0.03455144539475441
0,0.22069399058818817,0.06990499794483185
0,0.4921005070209503,0.3765943646430969
0,0.7049688100814819,2.7293026447296143
0,0.24697503447532654,0.0521855503320694
0,0.7706206440925598,1.637690782546997
0,0.5559642910957336,0.48305898904800415
0,0.3767698407173157,0.22303038835525513
0,0.7328385710716248,2.217543840408325
0,0.23102420568466187,0.09729540348052979
1,0.7186830639839172,1.7771278619766235
0,0.30221378803253174,0.06434737145900726
0,0.7209045886993408,2.5199108123779297
0,0.2128642499446869,0.053037624806165695
0,0.8040443062782288,1.2835779190063477
0,0.23110459744930267,0.03274300694465637
0,0.1546277105808258,0.0391964465379715
0,0.7057778835296631,2.4517714977264404
0,0.7488544583320618,2.291748523712158
0,0.21386517584323883,0.0738329291343689
0,0.7171320915222168,2.6012043952941895
0,0.30049997568130493,0.14031246304512024
0,0.7327027916908264,2.3747079372406006
0,0.7732399702072144,2.5494284629821777
0,0.5306485295295715,0.24412819743156433
0,0.7272736430168152,2.688899040222168
0,0.7014430165290833,1.61759352684021
0,0.7879838347434998,1.4658102989196777
0,0.7552787661552429,2.44023060798645
0,0.6857945919036865,2.2439517974853516
0,0.7414242029190063,2.187045097351074
0,0.8067405819892883,2.403928756713867
0,0.7967332005500793,1.9991258382797241
0,0.2885803282260895,0.06786347925662994
0,0.6974520683288574,2.9089748859405518
0,0.19552147388458252,0.03842497244477272
0,0.25012674927711487,0.06678369641304016
0,0.7553993463516235,2.3600192070007324
0,0.7131001353263855,2.1883366107940674
0,0.765122652053833,2.239989757537842
3,0.7638266086578369,2.149171829223633
0,0.7794179320335388,2.8359575271606445
0,0.4513832628726959,0.09630769491195679
0,0.6928929686546326,2.7441163063049316
0,0.4111204743385315,0.1513187736272812
0,0.7784077525138855,1.2666499614715576
0,0.7784668803215027,2.386990547180176
0,0.20158268511295319,0.08356739580631256
0,0.7566540241241455,3.1376919746398926
0,0.7901920080184937,1.3549385070800781
0,0.7778962254524231,0.660485029220581
0,0.4280393719673157,0.10371680557727814
0,0.20495514571666718,0.0382470041513443
0,0.7699670195579529,1.798532485961914
0,0.785194456577301,1.8675804138183594
0,0.43904244899749756,0.05682838708162308
0,0.7589083909988403,1.3616368770599365
0,0.7541888356208801,2.032064199447632
0,0.7890406250953674,1.724156379699707
0,0.32600435614585876,0.09350712597370148
0,0.31149277091026306,0.0693158358335495
0,0.7692016959190369,1.9293010234832764
0,0.22553801536560059,0.06301034986972809
1,0.5552101135253906,1.6114751100540161
0,0.28532999753952026,0.11164381355047226
0,0.7898388504981995,1.6153448820114136
0,0.7496628761291504,1.7910516262054443
0,0.21499817073345184,0.11347994208335876
0,0.7646026015281677,1.5783417224884033
0,0.38440805673599243,0.2831588685512543
0,0.7317937612533569,2.1892669200897217
0,0.26042884588241577,0.05117920786142349
5,0.6980744004249573,3.1627979278564453
0,0.7721920609474182,1.879885196685791
0,0.4030798673629761,0.04391781613230705
0,0.46755027770996094,0.4224134087562561
0,0.2490098774433136,0.10598263889551163
0,0.7759852409362793,1.0681304931640625
0,0.7211410403251648,2.3666138648986816
0,0.7356572151184082,2.5145387649536133
0,0.7497265338897705,1.749866008758545
0,0.2103108912706375,0.03992253914475441
2,0.7370043396949768,1.72921621799469
0,0.7478825449943542,2.1414172649383545
0,0.7400727272033691,2.3996663093566895
0,0.3254413604736328,0.0420549251139164
0,0.730256199836731,2.5935661792755127
0,0.31594717502593994,0.06491155922412872
0,0.2352648675441742,0.06534577161073685
0,0.8098573088645935,2.2728519439697266
0,0.2570662796497345,0.046556271612644196
0,0.1866893321275711,0.048523321747779846
0,0.779018223285675,1.2818922996520996
0,0.7826822996139526,2.7629518508911133
0,0.7755281925201416,2.4264025688171387
0,0.7880377173423767,2.4829468727111816
0,0.24377068877220154,0.07026305794715881
0,0.18327322602272034,0.03630141168832779
0,0.725983738899231,1.8479212522506714
0,0.7249922752380371,2.280898332595825
0,0.2324027419090271,0.037784457206726074
0,0.220341295003891,0.11078329384326935
0,0.20964042842388153,0.2801024913787842
0,0.1936316192150116,0.07039065659046173
0,0.3111562728881836,0.07397299259901047
4,0.648936927318573,2.7003886699676514
0,0.3151663839817047,0.07350961863994598
0,0.798509955406189,2.044349431991577
1,0.6777268052101135,2.458226203918457
0,0.7926766872406006,1.6904997825622559
0,0.5949211716651917,0.28585612773895264
0,0.7495325207710266,1.0855944156646729
0,0.31307294964790344,0.0387297198176384
0,0.21162214875221252,0.04252644255757332
0,0.7588086724281311,1.400047779083252
0,0.7460635304450989,2.196948528289795
0,0.3689781725406647,0.13262686133384705
0,0.241648867726326,0.04441273957490921
0,0.7632226347923279,1.8434420824050903
0,0.7480044364929199,1.8911046981811523
0,0.4716470539569855,0.1955682933330536
0,0.7710146903991699,3.3219165802001953
0,0.2166658192873001,0.06065754592418671
0,0.3242439925670624,0.1114528477191925
0,0.7276037931442261,2.0111098289489746
0,0.753912627696991,1.7709883451461792
0,0.7123734354972839,0.30456703901290894
3,0.7241528034210205,2.075169563293457
0,0.7736184597015381,1.9208722114562988
0,0.7370239496231079,2.8666138648986816
0,0.31189438700675964,0.03879837691783905
0,0.21652384102344513,0.09967606514692307
0,0.4175160229206085,0.2809184789657593
6,0.6654855012893677,2.6058099269866943
0,0.7252172231674194,2.7666783332824707
5,0.6590599417686462,3.955321788787842
0,0.2932475805282593,0.06411625444889069
0,0.8055223226547241,1.657501220703125
0,0.8146472573280334,1.2508541345596313
0,0.500491201877594,0.2158617079257965
0,0.3192026615142822,0.07294310629367828
0,0.3342359662055969,0.05042845010757446
0,0.17858843505382538,0.05331221967935562
0,0.7607099413871765,2.5821385383605957
0,0.20752130448818207,0.042698901146650314
0,0.7387521862983704,1.2124137878417969
0,0.21111176908016205,0.0763344019651413
0,0.7763981819152832,2.3500823974609375
0,0.4379407465457916,0.18530425429344177
0,0.2122121900320053,0.07301287353038788
0,0.7525234818458557,2.3787436485290527
0,0.2264288365840912,0.06470213830471039
0,0.7418507933616638,2.4668679237365723
0,0.7953764200210571,2.196117401123047
0,0.7460871338844299,1.4739100933074951
0,0.7386330366134644,2.1297175884246826
0,0.7797045111656189,1.792982816696167
0,0.774030864238739,3.1732959747314453
0,0.1892075091600418,0.10431408882141113
0,0.2498791515827179,0.09721332788467407
0,0.7919542193412781,1.8212138414382935
0,0.7756661176681519,2.17353892326355
0,0.5666810274124146,0.21764692664146423
0,0.7511979341506958,1.3904948234558105
0,0.3199738562107086,0.05383846163749695
0,0.23571741580963135,0.06258118897676468
0,0.20201855897903442,0.03419597074389458
0,0.7420555949211121,3.4952845573425293
0,0.3718903064727783,0.13338345289230347
0,0.6826694011688232,0.4894552528858185
0,0.7453625798225403,1.9697086811065674
0,0.20601707696914673,0.045224618166685104
0,0.7748875617980957,2.0926640033721924
3,0.7062057256698608,2.937241554260254
0,0.1767091602087021,0.03279981017112732
0,0.27847468852996826,0.11329492181539536
0,0.25650858879089355,0.05268106609582901
0,0.2223401814699173,0.08620534837245941
0,0.2408885806798935,0.04859919846057892
0,0.7828090190887451,2.117495059967041
0,0.7514835596084595,2.7618565559387207
0,0.7910287380218506,1.6789655685424805
0,0.18151213228702545,0.071480393409729
0,0.7448640465736389,1.183985710144043
0,0.32946208119392395,0.05038129538297653
0,0.7812045216560364,2.0814032554626465
0,0.2983618974685669,0.04149019718170166
0,0.7685391902923584,1.517270565032959
0,0.26071780920028687,0.0559692308306694
0,0.7677633762359619,2.288512706756592
0,0.7118041515350342,2.1768884658813477
0,0.7877175807952881,1.5833808183670044
0,0.23206856846809387,0.05241486430168152
0,0.8037594556808472,1.8250102996826172
0,0.7882165312767029,1.919357419013977
0,0.7324127554893494,2.1292548179626465
0,0.26460394263267517,0.0577864944934845
6,0.6341391205787659,2.063185214996338
0,0.28219833970069885,0.08897344768047333
0,0.1987445205450058,0.03533425182104111
0,0.5033109784126282,0.2554446756839752
0,0.7666884660720825,1.5401616096496582
0,0.45970800518989563,0.1387127786874771
0,0.2933022379875183,0.04797946661710739
0,0.3080938160419464,0.0810692086815834
0,0.30319899320602417,0.07966037094593048
0,0.2625983953475952,0.04788905382156372
0,0.7448581457138062,3.5280399322509766
0,0.7813878059387207,1.495469093322754
0,0.38082319498062134,0.0962892547249794
0,0.38541436195373535,0.12588955461978912
0,0.20641981065273285,0.04562484472990036
0,0.19609853625297546,0.056403789669275284
0,0.7324071526527405,2.017047882080078
0,0.3537050783634186,0.043405208736658096
0,0.7596986889839172,1.016560673713684
0,0.7020589113235474,2.2942094802856445
5,0.70965176820755,2.8153109550476074
0,0.36008375883102417,0.10431398451328278
5,0.6905558109283447,2.807084083557129
0,0.20396751165390015,0.04040416330099106
0,0.7937738299369812,1.4236602783203125
0,0.7777319550514221,1.5533089637756348
0,0.28737297654151917,0.06299426406621933
0,0.2509574890136719,0.09007257223129272
0,0.44712233543395996,0.20102831721305847
0,0.7204210162162781,1.9462170600891113
0,0.20156221091747284,0.05949963629245758
1,0.4766659140586853,1.3593482971191406
0,0.7789936065673828,2.3266565799713135
0,0.2734948694705963,0.038460273295640945
5,0.6752296090126038,3.0547237396240234
0,0.6130107641220093,0.6016179919242859
1,0.6572770476341248,1.3629090785980225
0,0.8203014135360718,1.5089411735534668
0,0.7267796993255615,3.7765886783599854
0,0.3046732544898987,0.056169621646404266
0,0.7524073719978333,2.5238919258117676
0,0.7879413962364197,2.4141383171081543
0,0.25948330760002136,0.049489445984363556
0,0.31062495708465576,0.11385896801948547
0,0.324674129486084,0.08181998133659363
0,0.72632896900177,2.8868494033813477
0,0.43157345056533813,0.13658301532268524
0,0.7303683161735535,1.35617995262146
0,0.24332430958747864,0.044577497988939285
1,0.7232874035835266,3.081550121307373
0,0.30094343423843384,0.08208908140659332
0,0.6563055515289307,1.5305131673812866
0,0.7225829362869263,2.795560598373413
0,0.8104276657104492,1.8924872875213623
0,0.7938656210899353,2.9586215019226074
0,0.7818095088005066,1.5568115711212158
0,0.21818016469478607,0.04077998548746109
0,0.20432864129543304,0.05732356756925583
0,0.21189144253730774,0.045941904187202454
0,0.7455777525901794,2.2413597106933594
0,0.7790419459342957,1.176042079925537
0,0.22700397670269012,0.07995560765266418
0,0.7488956451416016,2.9247689247131348
0,0.8018304705619812,2.5105013847351074
0,0.5032638311386108,0.3179834485054016
0,0.7112208604812622,2.724748134613037
0,0.3309011459350586,0.043773800134658813
0,0.809313178062439,2.622124671936035
0,0.33446890115737915,0.0954812616109848
0,0.18995188176631927,0.0377943329513073
0,0.30213436484336853,0.10758766531944275
0,0.3053536117076874,0.07374118268489838
0,0.29083847999572754,0.03901391848921776
0,0.7889708876609802,1.4730461835861206
0,0.32159149646759033,0.05454736948013306
0,0.7532026767730713,2.6698520183563232
0,0.734967827796936,3.245133399963379
0,0.2494036853313446,0.1348242610692978
0,0.7293818593025208,2.014981746673584
0,0.7205510139465332,1.959282398223877
0,0.37144795060157776,0.20773974061012268
0,0.7387195229530334,3.0738096237182617
0,0.47514793276786804,0.1917618066072464
0,0.7669627666473389,2.0657925605773926
0,0.24451349675655365,0.05676693469285965
0,0.7426385879516602,1.6714470386505127
0,0.731139063835144,2.738922595977783
0,0.7156656980514526,1.5950706005096436
0,0.7863120436668396,1.817237377166748
5,0.7250073552131653,1.9960864782333374
0,0.7153127789497375,3.980255126953125
0,0.8027071952819824,1.8380053043365479
0,0.7724737524986267,1.5251820087432861
0,0.42401400208473206,0.6107187271118164
0,0.8273677229881287,1.654628038406372
0,0.7687529921531677,2.9811453819274902
0,0.3933311402797699,0.15634974837303162
0,0.7948057055473328,1.1514649391174316
0,0.30965137481689453,0.061150651425123215
0,0.7836207151412964,1.6141506433486938
0,0.773443877696991,2.0234286785125732
0,0.3226870596408844,0.08178606629371643
0,0.35290542244911194,0.12950041890144348
0,0.2593050003051758,0.04239484667778015
0,0.3356165885925293,0.07935743033885956
0,0.21591559052467346,0.04222479462623596
0,0.3775601387023926,0.10380703210830688
0,0.6800171732902527,1.8149797916412354
0,0.21050845086574554,0.05624588578939438
0,0.7691617012023926,1.754871129989624
0,0.7035374641418457,3.6113522052764893
0,0.4171842932701111,0.09054260700941086
0,0.21910139918327332,0.04716119542717934
0,0.7587633728981018,2.526399850845337
0,0.19616453349590302,0.0405820868909359
0,0.7342967987060547,3.0712432861328125
0,0.2168864607810974,0.0720437616109848
3,0.6347501277923584,2.602560520172119
3,0.733970046043396,2.717237949371338
0,0.7496200799942017,1.7544320821762085
0,0.20035532116889954,0.04330094903707504
0,0.32816562056541443,0.04579254984855652
0,0.203846737742424,0.03909291326999664
0,0.3612295389175415,0.04799320176243782
0,0.32191529870033264,0.047479208558797836
0,0.7078380584716797,1.5129704475402832
0,0.7445151209831238,1.9784278869628906
0,0.7486629486083984,2.7626898288726807
0,0.3568470776081085,0.11034277081489563
0,0.7772731781005859,1.783942699432373
0,0.21954487264156342,0.047367971390485764
0,0.7283507585525513,2.5947866439819336
0,0.7257468104362488,2.7506659030914307
0,0.7385234832763672,3.4256062507629395
0,0.3061119019985199,0.037728920578956604
0,0.7045710682868958,3.584414482116699
0,0.22078897058963776,0.04040098935365677
0,0.20502890646457672,0.10090316832065582
0,0.31157419085502625,0.04591134935617447
0,0.4484010934829712,0.745253324508667
0,0.7643105387687683,2.2528252601623535
4,0.6501215696334839,2.694288730621338
0,0.32456550002098083,0.08836968243122101
0,0.3186410069465637,0.08414574712514877
0,0.2069033831357956,0.04135092347860336
0,0.7715835571289062,2.017975330352783
0,0.20930443704128265,0.04524300619959831
0,0.2258341908454895,0.048150863498449326
0,0.7305094599723816,2.409454822540283
0,0.20648016035556793,0.07834391295909882
0,0.7466579675674438,2.004833221435547
0,0.3058989942073822,0.07737509906291962
0,0.7177085280418396,1.5794782638549805
0,0.7593610286712646,2.96828031539917
6,0.709177553653717,2.9056100845336914
0,0.7160588502883911,2.2551345825195312
0,0.4488048255443573,0.2930435538291931
0,0.8029814958572388,1.9756464958190918
0,0.7521759867668152,2.5359134674072266
0,0.7674397230148315,2.147775650024414
0,0.755082368850708,1.2673625946044922
0,0.2801678776741028,0.03737695515155792
0,0.33517929911613464,0.14008507132530212
0,0.31965750455856323,0.04325805604457855
4,0.7027905583381653,3.181351661682129
0,0.7577855587005615,1.9363503456115723
0,0.20825538039207458,0.08390259742736816
0,0.7091363072395325,2.8011627197265625
0,0.7761536240577698,1.8422448635101318
0,0.7604812979698181,2.517739772796631
0,0.7891049385070801,1.3231017589569092
0,0.724629819393158,2.6249475479125977
0,0.44654029607772827,0.2942143678665161
0,0.7567300796508789,1.7098388671875
0,0.6590416431427002,0.38534772396087646
0,0.5468624830245972,0.9072426557540894
0,0.41537240147590637,0.10267303884029388
0,0.5332609415054321,0.33464330434799194
0,0.49352389574050903,0.3605719804763794
0,0.7337281703948975,2.875856399536133
0,0.7638704776763916,1.5654780864715576
0,0.2644261419773102,0.05593590438365936
0,0.7984752655029297,1.5857559442520142
0,0.23107324540615082,0.05166907235980034
0,0.734462320804596,2.246708393096924
0,0.1469590663909912,0.05333012342453003
0,0.7730637788772583,1.891411304473877
0,0.7258802056312561,1.75087571144104
0,0.20331716537475586,0.0360548198223114
0,0.7628245949745178,2.604586124420166
0,0.3386628031730652,0.051800768822431564
0,0.7650066018104553,2.084291696548462
0,0.28623324632644653,0.08081066608428955
0,0.7849014401435852,1.6311101913452148
4,0.616486132144928,2.014061450958252
0,0.7962325811386108,1.8328299522399902
0,0.3088005781173706,0.09283129870891571
0,0.20339533686637878,0.041532304137945175
0,0.20486006140708923,0.03893148899078369
0,0.22348998486995697,0.04331716522574425
0,0.7338183522224426,2.8058745861053467
0,0.7880455851554871,1.8235251903533936
0,0.8168767690658569,1.7069060802459717
0,0.753814697265625,2.5514495372772217
0,0.7972267270088196,1.9121977090835571
0,0.7571289539337158,1.1854407787322998
0,0.73529452085495,3.602264881134033
0,0.6258196234703064,0.38176262378692627
0,0.7387444972991943,2.80722713470459
0,0.765259861946106,2.5301475524902344
0,0.7545120120048523,2.365891456604004
0,0.15382207930088043,0.037848345935344696
0,0.2831004858016968,0.05218655988574028
0,0.7644521594047546,1.643716812133789
0,0.19417734444141388,0.04168664664030075
0,0.7767401933670044,1.8615678548812866
0,0.32868266105651855,0.08955247700214386
0,0.44756484031677246,0.402848482131958
0,0.7703384160995483,1.72771418094635
0,0.20446904003620148,0.03728993609547615
0,0.21095062792301178,0.05546405166387558
0,0.7615334987640381,2.4683799743652344
0,0.5742174386978149,0.4187208414077759
0,0.7908110022544861,1.4966990947723389
0,0.23277637362480164,0.04283388704061508
0,0.7682706713676453,2.846994638442993
0,0.7650376558303833,2.2552895545959473
0,0.162770614027977,0.04390065744519234
0,0.8094311356544495,1.4393303394317627
0,0.31779220700263977,0.09241122752428055
0,0.7638819813728333,2.721322536468506
0,0.2219797968864441,0.03955758363008499
0,0.7706367373466492,2.1043782234191895
0,0.7363834977149963,1.8996694087982178
0,0.7646491527557373,2.502776622772217
0,0.20218800008296967,0.03830517828464508
0,0.7455504536628723,1.6433866024017334
0,0.22364358603954315,0.11007299274206161
0,0.7555138468742371,1.2674044370651245
0,0.7351510524749756,4.26197624206543
0,0.21667782962322235,0.050297804176807404
0,0.4107498526573181,0.18855413794517517
5,0.6730456948280334,1.681524634361267
0,0.2784319221973419,0.07970897853374481
0,0.27809950709342957,0.1029963344335556
0,0.7667542099952698,1.899388074874878
0,0.26566892862319946,0.10865936428308487
0,0.7269484400749207,1.7357196807861328
0,0.3050582706928253,0.06737445294857025
0,0.7055166363716125,2.203063726425171
0,0.21025925874710083,0.05155690014362335
5,0.5986350178718567,2.3744754791259766
0,0.2559416890144348,0.0638304352760315
0,0.2257852852344513,0.06255831569433212
0,0.5712506175041199,0.36497482657432556
0,0.29057934880256653,0.0575205460190773
0,0.24907299876213074,0.04897661134600639
0,0.7636904716491699,2.298027992248535
0,0.3569689095020294,0.11074809730052948
0,0.7511078119277954,1.9083731174468994
0,0.27491670846939087,0.042778585106134415
0,0.7789207100868225,2.6896088123321533
0,0.226836159825325,0.044448696076869965
0,0.7334982752799988,2.1787071228027344
0,0.8021288514137268,2.2518742084503174
0,0.7482272982597351,1.5665518045425415
0,0.6960442066192627,2.6057028770446777
0,0.7127385139465332,1.7907439470291138
0,0.4781216084957123,0.1841130256652832
0,0.2959672808647156,0.049701839685440063
0,0.7737048864364624,1.4743305444717407
0,0.26925167441368103,0.03852085769176483
6,0.6712067127227783,3.021937847137451
0,0.4390871524810791,0.19963175058364868
0,0.7426116466522217,1.4392850399017334
0,0.2900192141532898,0.09024474024772644
0,0.2524709105491638,0.05476919561624527
0,0.22147619724273682,0.03869030997157097
0,0.25964421033859253,0.07124029099941254
0,0.7913805246353149,2.238379716873169
0,0.5119490623474121,0.31099313497543335
0,0.40311121940612793,0.20157507061958313
0,0.7705158591270447,2.212864875793457
0,0.4688666760921478,0.39574047923088074
0,0.7587994933128357,1.576944351196289
0,0.2823599874973297,0.08533249795436859
0,0.20761477947235107,0.05756409093737602
0,0.3398800194263458,0.03867071866989136
0,0.7594959139823914,1.9750556945800781
0,0.787997305393219,1.5942564010620117
3,0.7000166773796082,3.3417112827301025
0,0.2727808952331543,0.04231476038694382
0,0.28053680062294006,0.038852836936712265
0,0.3441052734851837,0.17935484647750854
0,0.7303290963172913,1.5693027973175049
0,0.7901886701583862,1.8423603773117065
0,0.2921539545059204,0.045577432960271835
6,0.6756733059883118,2.142468214035034
0,0.7844282984733582,1.7324259281158447
3,0.6847458481788635,2.7127387523651123
0,0.750074028968811,2.8866918087005615
0,0.7913896441459656,1.6622179746627808
1,0.6741153001785278,2.3326759338378906
0,0.7637860774993896,2.5581462383270264
0,0.3087070882320404,0.05085284262895584
0,0.3715690076351166,0.17530253529548645
0,0.3135475218296051,0.0597609281539917
0,0.31684446334838867,0.050994642078876495
0,0.2829618752002716,0.0966741070151329
0,0.20036281645298004,0.04938564449548721
0,0.679656982421875,0.508918821811676
0,0.36135566234588623,0.09408041089773178
5,0.7031640410423279,3.2598891258239746
0,0.8009845018386841,2.425684690475464
0,0.7417389750480652,1.8626773357391357
0,0.38918742537498474,0.31928786635398865
0,0.20589515566825867,0.05173453316092491
6,0.653067946434021,2.774782657623291
0,0.2919010818004608,0.11546288430690765
0,0.7984611392021179,1.252737045288086
0,0.2261945754289627,0.048395004123449326
0,0.3242707848548889,0.06285987794399261
0,0.7748939990997314,1.553225040435791
0,0.782470703125,1.4199126958847046
0,0.7444269061088562,1.9849210977554321
0,0.7521076798439026,1.9806387424468994
0,0.19764165580272675,0.05084353685379028
0,0.20903080701828003,0.05192120745778084
0,0.22016993165016174,0.04923585057258606
0,0.8188188076019287,2.128223180770874
0,0.22791849076747894,0.04869377613067627
0,0.34483662247657776,0.08510832488536835
0,0.7704748511314392,1.5100057125091553
0,0.7666090130805969,1.5099189281463623
0,0.5508493781089783,0.336485892534256
0,0.7807560563087463,1.51438307762146
0,0.5779332518577576,0.5001950860023499
0,0.7720125317573547,1.618283748626709
0,0.7583351135253906,1.284583568572998
0,0.21050268411636353,0.5186890363693237
0,0.7043790817260742,1.6560680866241455
0,0.18495304882526398,0.04738664627075195
0,0.20470845699310303,0.041198812425136566
0,0.8036713004112244,2.769578456878662
0,0.3338506519794464,0.12408576160669327
0,0.3182346522808075,0.05963943898677826
0,0.7910056710243225,2.453662395477295
0,0.3298220932483673,0.4987751245498657
0,0.7295536994934082,1.8331570625305176
0,0.2618405818939209,0.03334273397922516
0,0.19947592914104462,0.05816735327243805
0,0.7490131855010986,4.87884521484375
5,0.7588571906089783,2.4255733489990234
0,0.2571067214012146,0.041224341839551926
0,0.3049217164516449,0.03740737587213516
0,0.7439541816711426,2.2066922187805176
0,0.7742615938186646,2.3205671310424805
0,0.7512133717536926,2.552626132965088
0,0.39618635177612305,0.3143917918205261
0,0.2749163508415222,0.0888696238398552
4,0.668071448802948,3.278799533843994
0,0.729595422744751,2.2201147079467773
0,0.2180539220571518,0.0988105982542038
0,0.5519107580184937,0.4000445604324341
0,0.1971990019083023,0.03549320623278618
0,0.16483397781848907,0.037848878651857376
0,0.3043983578681946,0.12316745519638062
0,0.16958963871002197,0.04112765192985535
0,0.21360522508621216,0.06414219737052917
0,0.8175799250602722,2.235583782196045
0,0.18330173194408417,0.06487375497817993
0,0.7527891397476196,2.8013174533843994
0,0.24901069700717926,0.06440067291259766
0,0.7663490176200867,2.0416011810302734
0,0.2022843211889267,0.042150288820266724
0,0.3672959804534912,0.37526458501815796
0,0.2336423397064209,0.07951487600803375
0,0.27512919902801514,0.0891893059015274
0,0.7980175018310547,2.0137085914611816
0,0.37946492433547974,0.09297509491443634
0,0.22690224647521973,0.08861193060874939
0,0.7355127334594727,1.6653752326965332
0,0.42838796973228455,0.16270002722740173
0,0.5632389783859253,0.23806142807006836
0,0.20303471386432648,0.07425051927566528
0,0.7697314023971558,1.6687276363372803
0,0.18271900713443756,0.05372375249862671
0,0.18429285287857056,0.04731643944978714
0,0.7606058716773987,2.151040554046631
0,0.1851174682378769,0.04004485905170441
5,0.733185350894928,2.150178909301758
0,0.2366030514240265,0.04827641695737839
0,0.22149252891540527,0.049198418855667114
0,0.7763547301292419,2.368889570236206
4,0.6325138211250305,3.0635833740234375
0,0.7917258143424988,1.2762010097503662
0,0.20851919054985046,0.03628668934106827
0,0.78440260887146,1.949446439743042
0,0.41051724553108215,0.18770405650138855
0,0.7609251737594604,1.6108129024505615
0,0.263398677110672,0.08348579704761505
0,0.77469402551651,1.663659691810608
0,0.7485424876213074,1.477524995803833
0,0.33810099959373474,0.10556305944919586
0,0.2579466700553894,0.0739281177520752
0,0.7931733727455139,1.726473093032837
0,0.2548117935657501,0.042448125779628754
0,0.3146372437477112,0.11628247797489166
0,0.2143084853887558,0.04010213166475296
0,0.7496949434280396,2.700535774230957
0,0.705602765083313,2.4801201820373535
0,0.5360486507415771,0.2471180111169815
0,0.759672999382019,1.8572509288787842
3,0.5737012028694153,2.479949474334717
0,0.3353566527366638,0.05800888314843178
0,0.7848955392837524,1.9355669021606445
0,0.7601554989814758,2.208172559738159
0,0.7354811429977417,2.042581081390381
0,0.6927609443664551,1.7002462148666382
0,0.7555371522903442,1.8816900253295898
0,0.7823290824890137,2.124927043914795
0,0.33737310767173767,0.09478026628494263
0,0.7194542288780212,2.6426687240600586
0,0.36510756611824036,0.12916207313537598
0,0.7742641568183899,2.3083553314208984
0,0.3020331561565399,0.1168418601155281
0,0.2291896790266037,0.05362453684210777
0,0.2373383641242981,0.10399306565523148
0,0.5610234141349792,0.3265019655227661
0,0.7323795557022095,3.7767138481140137
0,0.2861662805080414,0.07431130111217499
0,0.7333735823631287,2.7809793949127197
0,0.7084386348724365,2.283590078353882
0,0.7703198790550232,2.1148152351379395
0,0.2353319674730301,0.10551084578037262
0,0.7487344741821289,3.0996251106262207
0,0.29465317726135254,0.09920240938663483
0,0.7367883920669556,2.189175844192505
0,0.7838837504386902,1.7596354484558105
0,0.3663271367549896,0.23616716265678406
0,0.277967244386673,0.14240851998329163
0,0.6934666037559509,1.906501054763794
0,0.2133188098669052,0.07885447144508362
0,0.21812143921852112,0.08932814747095108
3,0.737066388130188,1.296586513519287
0,0.80240398645401,2.197382926940918
0,0.2422829270362854,0.08239767700433731
0,0.1980859488248825,0.051815107464790344
0,0.33982598781585693,0.03863199055194855
0,0.2277415543794632,0.05306089669466019
0,0.7767165303230286,1.2754197120666504
0,0.21636806428432465,0.050929851830005646
0,0.3033196032047272,0.04128838703036308
0,0.34867048263549805,0.22207531332969666
0,0.32894158363342285,0.21876727044582367
0,0.2311936318874359,0.0865204930305481
0,0.34998494386672974,0.12040810286998749
0,0.7768560647964478,2.5701589584350586
0,0.7449251413345337,2.653594493865967
0,0.7393286824226379,1.6475731134414673
4,0.6993365287780762,2.9986958503723145
0,0.6919363141059875,1.5227129459381104
0,0.7963224649429321,1.6172316074371338
0,0.2459193915128708,0.04526697099208832
6,0.6476642489433289,2.821934223175049
0,0.7832250595092773,1.4197657108306885
0,0.7780861258506775,2.1727681159973145
0,0.755364179611206,2.04474139213562
0,0.5791282057762146,0.4295933246612549
0,0.2734553813934326,0.04131925851106644
0,0.7935367822647095,2.5851974487304688
0,0.3068731129169464,0.051871106028556824
0,0.7437273263931274,1.8470876216888428
0,0.43202850222587585,0.14762593805789948
0,0.3148839771747589,0.09917207062244415
0,0.3461732566356659,0.10987532883882523
0,0.24098415672779083,0.06851392984390259
0,0.744558572769165,2.228358745574951
0,0.20630282163619995,0.04684207960963249
0,0.2667546272277832,0.04979686439037323
0,0.20094965398311615,0.06268966197967529
0,0.4042072296142578,0.1350475549697876
3,0.7116361856460571,2.1089720726013184
0,0.5285155773162842,0.47305482625961304
0,0.7549394965171814,2.427157402038574
0,0.42380908131599426,0.12724679708480835
0,0.2828513979911804,0.07253856211900711
0,0.24346032738685608,0.04022122547030449
0,0.2588270902633667,0.058701176196336746
0,0.7405008673667908,2.1373777389526367
0,0.7644821405410767,2.1042656898498535
0,0.7827866673469543,1.3285906314849854
5,0.6912624835968018,3.556601047515869
5,0.7000570297241211,3.29411244392395
0,0.8017867803573608,2.155045509338379
0,0.7564188838005066,1.7749295234680176
0,0.7636396884918213,2.4890079498291016
0,0.7437666654586792,2.2539305686950684
0,0.1951504498720169,0.08483868837356567
0,0.31403931975364685,0.07956860959529877
0,0.7988914847373962,1.8558605909347534
0,0.7254818677902222,3.1473653316497803
0,0.7303737998008728,2.5485033988952637
0,0.271614670753479,0.05054226517677307
0,0.7879064679145813,1.6140925884246826
0,0.7707816362380981,2.072330951690674
6,0.6408059000968933,2.495572566986084
0,0.7926421761512756,2.3577680587768555
0,0.8087844252586365,2.516892433166504
0,0.7537372708320618,2.498365640640259
0,0.7540345788002014,2.3653244972229004
0,0.7400259375572205,1.9388211965560913
0,0.7235928177833557,2.4636776447296143
0,0.7482759952545166,1.4028173685073853
0,0.22549131512641907,0.04079803451895714
0,0.18065957725048065,0.04649186134338379
0,0.7797805070877075,3.3050966262817383
0,0.2392505556344986,0.059587616473436356
0,0.4027210772037506,0.11390361189842224
0,0.7473752498626709,2.442802667617798
0,0.3111267685890198,0.06020766496658325
0,0.311755508184433,0.0721258744597435
0,0.3693997859954834,0.058952465653419495
0,0.22706781327724457,0.0638870969414711
3,0.7310636043548584,2.838209867477417
0,0.7961423397064209,2.1623940467834473
0,0.7412791848182678,1.9578481912612915
0,0.2869987487792969,0.05599343404173851
0,0.3374704122543335,0.06261660158634186
0,0.7437044382095337,2.6047399044036865
0,0.48176881670951843,0.40446963906288147
0,0.23126459121704102,0.06642082333564758
0,0.49767088890075684,0.1419868767261505
0,0.40504851937294006,0.12929324805736542
0,0.6338252425193787,0.40510761737823486
0,0.21435189247131348,0.04010513797402382
0,0.20682178437709808,0.08563713729381561
5,0.7315390110015869,3.1547927856445312
0,0.7840458154678345,1.5168462991714478
0,0.24858255684375763,0.06658673286437988
0,0.2023659497499466,0.03997141867876053
0,0.7149196267127991,2.3167812824249268
0,0.2364422082901001,0.044205643236637115
0,0.7325686812400818,2.392726182937622
0,0.7432433366775513,2.455554723739624
0,0.7653698325157166,2.4300694465637207
0,0.7455952763557434,1.612019419670105
0,0.7358604669570923,2.816129446029663
0,0.6138693690299988,0.372589111328125
0,0.7230396866798401,2.1016440391540527
0,0.32082632184028625,0.09134069085121155
0,0.7891183495521545,3.2645554542541504
0,0.26759395003318787,0.16492000222206116
0,0.21515902876853943,0.03962957486510277
0,0.7547986507415771,2.128253221511841
0,0.32195425033569336,0.0513078048825264
0,0.23889316618442535,0.04100421816110611
0,0.39487770199775696,0.11755319684743881
0,0.2809673547744751,0.10294163227081299
0,0.3014625012874603,0.053414493799209595
0,0.30118006467819214,0.08326239883899689
0,0.3952404260635376,0.10060027986764908
0,0.6947965621948242,1.9249075651168823
0,0.23680001497268677,0.07196729630231857
0,0.7948271036148071,2.1297826766967773
0,0.7306180000305176,2.3783798217773438
0,0.4535510540008545,0.23538009822368622
0,0.23557324707508087,0.04392759129405022
0,0.22808566689491272,0.07341992110013962
0,0.7768274545669556,1.7588473558425903
0,0.7482735514640808,1.303307294845581
0,0.41820865869522095,0.21298742294311523
0,0.7518994212150574,1.5739238262176514
0,0.7570065259933472,2.3401455879211426
0,0.23406930267810822,0.058700501918792725
0,0.7916881442070007,1.4882892370224
0,0.403003066778183,0.10521437227725983
0,0.2448689341545105,0.12207768857479095
0,0.70596843957901,3.9884610176086426
0,0.21068356931209564,0.056862324476242065
0,0.7227365970611572,2.536919593811035
0,0.32938528060913086,0.061579398810863495
0,0.24040885269641876,0.04225652664899826
0,0.7370065450668335,2.0265355110168457
0,0.3077746331691742,0.06527543812990189
0,0.33130231499671936,0.07874426990747452
0,0.3106837868690491,0.06281410902738571
0,0.7566862106323242,1.426040530204773
0,0.7548770308494568,1.9539726972579956
0,0.7112295031547546,2.0911831855773926
0,0.46204665303230286,0.18805018067359924
0,0.7541199922561646,1.921998381614685
0,0.7539554834365845,1.959104061126709
0,0.7700672149658203,2.425607204437256
0,0.6993531584739685,2.463942050933838
0,0.21524813771247864,0.045934781432151794
0,0.6860195398330688,0.7641416788101196
0,0.7887629866600037,1.6476757526397705
0,0.7880562543869019,2.083380699157715
0,0.543286919593811,0.19191120564937592
0,0.22460751235485077,0.0402907133102417
6,0.7031424045562744,2.9499964714050293
0,0.17218245565891266,0.0437774732708931
0,0.29868459701538086,0.09703336656093597
2,0.731062650680542,2.584132432937622
0,0.6017751097679138,0.46642446517944336
0,0.24338892102241516,0.0651952400803566
0,0.2681163251399994,0.09950494766235352
0,0.713115394115448,1.8557242155075073
0,0.721606433391571,2.0587265491485596
0,0.2108123004436493,0.06490282714366913
0,0.20122334361076355,0.09713950008153915
0,0.5021078586578369,0.34427303075790405
0,0.19674699008464813,0.08228981494903564
0,0.3568040430545807,0.10952639579772949
0,0.7653295993804932,1.7575923204421997
4,0.6413881778717041,2.502943992614746
0,0.3531607985496521,0.05463247746229172
0,0.1663411408662796,0.045435648411512375
0,0.23562422394752502,0.04910526052117348
0,0.7434569597244263,1.7511100769042969
0,0.3147793412208557,0.05955370515584946
0,0.7506927847862244,1.6519404649734497
0,0.24651221930980682,0.13779038190841675
0,0.7633429169654846,2.350527286529541
0,0.7450661063194275,2.789989471435547
0,0.2471243143081665,0.06804695725440979
0,0.19871382415294647,0.04352707415819168
0,0.7434960007667542,4.513360023498535
0,0.7614257335662842,1.487473487854004
0,0.24512626230716705,0.06143214553594589
0,0.20417585968971252,0.03878224641084671
0,0.7338653206825256,2.3914382457733154
0,0.32511404156684875,0.07723995298147202
0,0.7923023104667664,1.4606372117996216
0,0.7276655435562134,2.0144317150115967
0,0.31421199440956116,0.058536551892757416
0,0.32834991812705994,0.048768360167741776
0,0.2057536393404007,0.06869596242904663
0,0.7157705426216125,1.9795587062835693
0,0.4166850447654724,0.1373215764760971
0,0.78107750415802,1.6614681482315063
0,0.7679163813591003,1.551753282546997
0,0.7726985812187195,2.0408935546875
4,0.6542065143585205,3.109707832336426
0,0.7738056182861328,1.7664766311645508
0,0.7462477684020996,3.0428338050842285
0,0.31177249550819397,0.1048254743218422
0,0.7819788455963135,2.338634729385376
0,0.2693546414375305,0.06459277123212814
0,0.7441259026527405,1.157394289970398
0,0.7410803437232971,3.040282726287842
3,0.5873493552207947,1.974277377128601
0,0.2141825407743454,0.04788001626729965
0,0.340604692697525,0.12331715226173401
0,0.400031715631485,0.2005595862865448
0,0.6029419302940369,0.44831162691116333
0,0.7657806873321533,2.341736078262329
0,0.6120310425758362,0.7147736549377441
0,0.3446285128593445,0.22939011454582214
0,0.36380910873413086,0.06553836166858673
0,0.7775542140007019,3.470985174179077
0,0.38431018590927124,0.4920509159564972
0,0.28653013706207275,0.10104545950889587
0,0.24073095619678497,0.042573295533657074
0,0.3706529140472412,0.07823563367128372
0,0.3448050022125244,0.053555816411972046
0,0.4255581796169281,0.05996289849281311
0,0.3571935296058655,0.11777213960886002
0,0.22594457864761353,0.06206854060292244
0,0.18182580173015594,0.04794081300497055
0,0.22786889970302582,0.04560965672135353
0,0.3192734122276306,0.06314054131507874
0,0.25854822993278503,0.17708051204681396
0,0.7546405792236328,2.828507900238037
6,0.6496530175209045,3.308016777038574
0,0.2250472903251648,0.09547470510005951
0,0.37141573429107666,0.17268520593643188
0,0.7888599634170532,3.2109789848327637
0,0.4037196934223175,0.07351260632276535
0,0.7353651523590088,2.920516014099121
0,0.7767189145088196,2.4229202270507812
0,0.28818511962890625,0.04332652688026428
0,0.5773844122886658,0.24093633890151978
0,0.7116258144378662,2.6335878372192383
0,0.7416877746582031,3.3854947090148926
0,0.7747337818145752,2.3733301162719727
0,0.7692779898643494,2.1277213096618652
0,0.24243111908435822,0.08730356395244598
0,0.23461031913757324,0.058328766375780106
0,0.19919456541538239,0.07971453666687012
0,0.5423096418380737,0.27741310000419617
0,0.7820967435836792,1.616791009902954
0,0.3619248867034912,0.1704045832157135
0,0.27704691886901855,0.050394318997859955
0,0.7152974009513855,4.1149468421936035
0,0.2026384323835373,0.03909061476588249
0,0.19831883907318115,0.08896607160568237
0,0.7315614819526672,2.83062481880188
0,0.4332333505153656,0.13324613869190216
0,0.22851695120334625,0.0706029012799263
0,0.4482319951057434,0.571868896484375
0,0.19062691926956177,0.05291613191366196
5,0.7093271613121033,2.6062376499176025
0,0.7900646328926086,1.3768270015716553
0,0.2910275459289551,0.04103486239910126
0,0.7153666615486145,2.1738882064819336
0,0.7692363858222961,1.8748483657836914
0,0.6606117486953735,0.3171238899230957
0,0.7350990176200867,1.9159153699874878
0,0.3712058961391449,0.30315807461738586
0,0.7736157774925232,1.7723579406738281
0,0.5788997411727905,0.40176522731781006
0,0.797001838684082,2.9752564430236816
0,0.7534613609313965,2.3776352405548096
0,0.7550124526023865,2.350583076477051
0,0.2430352121591568,0.055072300136089325
0,0.2839243710041046,0.047290366142988205
0,0.23285885155200958,0.07465662807226181
0,0.2798719108104706,0.1361551284790039
0,0.7439758777618408,1.7832789421081543
0,0.5662328600883484,0.3186238408088684
0,0.7468317151069641,2.359485149383545
0,0.2724246382713318,0.09824562072753906
0,0.7545205950737,1.5065486431121826
0,0.7400356531143188,2.227762222290039
0,0.7645299434661865,2.260699987411499
0,0.7610583901405334,1.580151081085205
0,0.21032918989658356,0.09759911894798279
0,0.7163701057434082,2.168117046356201
6,0.6489055752754211,2.7179954051971436
0,0.5834439396858215,0.4759179353713989
0,0.5258104205131531,0.27798813581466675
0,0.6088229417800903,0.3354634642601013
0,0.8136197328567505,1.8467768430709839
0,0.7639479041099548,2.4096486568450928
0,0.1903769075870514,0.04530489817261696
0,0.7504696846008301,1.808681845664978
0,0.19958743453025818,0.054741960018873215
0,0.24563154578208923,0.05031397193670273
0,0.7814977169036865,1.5384926795959473
1,0.7268377542495728,1.1684694290161133
0,0.3289162516593933,0.09670372307300568
0,0.39549684524536133,0.1945914924144745
0,0.2873506247997284,0.10616365820169449
0,0.3224928379058838,0.0982411652803421
0,0.7877388000488281,3.3508808612823486
0,0.7466824650764465,1.7180777788162231
0,0.24957306683063507,0.03837806358933449
0,0.7592101693153381,2.480917453765869
0,0.7852449417114258,2.0188775062561035
0,0.6473989486694336,0.5771121978759766
0,0.31689178943634033,0.06746391952037811
0,0.20001451671123505,0.083436518907547
0,0.2536281943321228,0.03990313038229942
0,0.2244614213705063,0.04520057141780853
0,0.8089569211006165,1.7748756408691406
0,0.47126370668411255,0.4857185482978821
0,0.21802689135074615,0.09217721223831177
0,0.5268911719322205,0.6841984391212463
0,0.75887531042099,2.5067152976989746
0,0.7371940612792969,0.9554600119590759
0,0.2175317406654358,0.05626339092850685
0,0.7869158983230591,1.3462154865264893
0,0.6092454195022583,0.4783872663974762
0,0.7718133330345154,4.483676910400391
0,0.7377800345420837,1.646111249923706
0,0.5669493079185486,0.20791086554527283
0,0.775998592376709,2.180510997772217
0,0.8139364719390869,1.982513189315796
0,0.21339090168476105,0.04118814319372177
0,0.22752149403095245,0.0893654078245163
0,0.19087128341197968,0.032274190336465836
0,0.23569355905056,0.050402965396642685
0,0.624838650226593,0.4754704236984253
0,0.5221295356750488,1.1549081802368164
0,0.7500354647636414,1.995711326599121
0,0.3910890519618988,0.27544495463371277
0,0.752569317817688,2.0436575412750244
0,0.7523884177207947,1.9107428789138794
0,0.20715199410915375,0.09410853683948517
0,0.18234187364578247,0.03128839656710625
0,0.7676632404327393,1.4714720249176025
0,0.32537132501602173,0.057562656700611115
0,0.18579261004924774,0.049790721386671066
0,0.7419202327728271,2.170687675476074
0,0.20438902080059052,0.048838935792446136
0,0.3005964756011963,0.19189274311065674
4,0.6462316513061523,2.254105567932129
0,0.29434695839881897,0.03804011642932892
0,0.44875797629356384,0.16358239948749542
0,0.6231273412704468,1.2921488285064697
0,0.7861902117729187,1.8087422847747803
0,0.775376558303833,1.4547090530395508
0,0.3199305236339569,0.2274021953344345
0,0.28076377511024475,0.09334979206323624
0,0.2013339102268219,0.05195468291640282
0,0.7631071209907532,1.4957549571990967
0,0.15842890739440918,0.044656187295913696
0,0.2696365416049957,0.03689369186758995
0,0.788709819316864,3.0197417736053467
0,0.21626588702201843,0.11503990739583969
0,0.7476499080657959,1.454807996749878
0,0.4258757531642914,0.34404611587524414
0,0.728191077709198,1.545161247253418
0,0.5031221508979797,0.2690355181694031
0,0.20249436795711517,0.0920015424489975
0,0.7017313241958618,2.60491943359375
0,0.32509517669677734,0.1677350401878357
0,0.23018574714660645,0.040103282779455185
0,0.34526127576828003,0.05062766745686531
0,0.3684350550174713,0.16962212324142456
0,0.20175807178020477,0.04973520711064339
0,0.775603175163269,3.4268453121185303
0,0.1854429841041565,0.04326608031988144
0,0.5944885611534119,0.4849846065044403
0,0.7633991241455078,1.511896014213562
0,0.29363906383514404,0.04244749993085861
0,0.7804383039474487,2.074746608734131
0,0.6167835593223572,0.1967775523662567
0,0.24359719455242157,0.048470158129930496
0,0.23287585377693176,0.0564955435693264
0,0.18635083734989166,0.053670160472393036
0,0.7564020156860352,2.5287070274353027
0,0.2168106585741043,0.0445021316409111
0,0.7992643713951111,1.4258527755737305
0,0.7829961180686951,1.7733185291290283
0,0.40165597200393677,0.15020889043807983
0,0.24123403429985046,0.052232760936021805
0,0.7420310378074646,2.847932815551758
0,0.20467768609523773,0.06159745901823044
0,0.7618682980537415,2.2627086639404297
0,0.7814698815345764,1.6237618923187256
0,0.31276848912239075,0.045481126755476
0,0.5402584075927734,0.26674652099609375
0,0.7228311896324158,1.4706573486328125
0,0.3181309700012207,0.06527376174926758
0,0.721906840801239,2.2112841606140137
0,0.3681580722332001,0.08408617973327637
0,0.7957084774971008,2.6196794509887695
0,0.2389269918203354,0.07325015962123871
0,0.2761094272136688,0.11553466320037842
0,0.22325758635997772,0.04595920443534851
0,0.7239648103713989,2.1167380809783936
0,0.21846409142017365,0.050812728703022
0,0.7543559670448303,2.086989402770996
0,0.7611187100410461,2.922902822494507
0,0.7161926627159119,1.6918177604675293
0,0.764832079410553,2.0958287715911865
0,0.7637723088264465,1.8468549251556396
0,0.763315737247467,2.4615261554718018
0,0.7571840286254883,1.5143643617630005
0,0.2529977560043335,0.09652240574359894
0,0.32753315567970276,0.09224864840507507
0,0.7399943470954895,1.3620703220367432
0,0.17253482341766357,0.047193437814712524
0,0.40382620692253113,0.19608072936534882
0,0.16510604321956635,0.06784892082214355
0,0.20493097603321075,0.07033287733793259
0,0.7308719754219055,3.0597996711730957
0,0.7385886311531067,2.0340969562530518
0,0.24300281703472137,0.0555962398648262
0,0.24112506210803986,0.04253552109003067
0,0.7780003547668457,1.4439677000045776
0,0.750041663646698,1.6537034511566162
0,0.7179006934165955,2.5297279357910156
0,0.15347662568092346,0.042732615023851395
0,0.5488550066947937,0.23824480175971985
2,0.6500180959701538,2.382753849029541
0,0.6997700929641724,1.5867304801940918
0,0.21269011497497559,0.08986249566078186
0,0.7184516787528992,4.959253311157227
0,0.7314774990081787,2.956498622894287
0,0.20745503902435303,0.03583567216992378
0,0.7600789666175842,2.5121212005615234
0,0.5719599723815918,0.6321302056312561
0,0.7627009153366089,1.5232940912246704
0,0.32723483443260193,0.07516983151435852
0,0.20166531205177307,0.08410727232694626
0,0.33321404457092285,0.09726673364639282
0,0.7740287780761719,1.992631435394287
0,0.7100534439086914,2.5249953269958496
0,0.6905772089958191,1.539320707321167
0,0.6263704299926758,0.5370258092880249
0,0.7709627151489258,3.390110492706299
0,0.4116024076938629,0.35315924882888794
0,0.3229859471321106,0.1547730267047882
0,0.2776317894458771,0.052973851561546326
0,0.7507568597793579,2.491926908493042
0,0.21401271224021912,0.05195055156946182
0,0.44048771262168884,0.1541498601436615
0,0.771835446357727,2.6165943145751953
0,0.795936644077301,1.1556696891784668
0,0.7763044834136963,1.7425460815429688
0,0.5800448656082153,0.2960449457168579
0,0.2180013209581375,0.05238042399287224
0,0.43329963088035583,0.18995964527130127
0,0.7810409665107727,1.3003665208816528
0,0.44143056869506836,0.20969624817371368
0,0.7172154188156128,1.8526725769042969
0,0.2740054130554199,0.039442602545022964
0,0.710193395614624,2.3811135292053223
0,0.16280874609947205,0.049334555864334106
0,0.28444671630859375,0.06705775111913681
0,0.21853941679000854,0.043200403451919556
0,0.7327600717544556,2.7835865020751953
0,0.22920161485671997,0.04740181937813759
0,0.7323054671287537,1.718252420425415
0,0.7032217383384705,1.9468885660171509
0,0.7593609690666199,2.22713565826416
0,0.7356534004211426,2.067929744720459
0,0.3701915442943573,0.08663822710514069
0,0.37054315209388733,0.11218151450157166
0,0.21955089271068573,0.0801936537027359
0,0.8207293152809143,1.2710869312286377
0,0.1777385026216507,0.03529735654592514
0,0.7333769202232361,2.2929351329803467
0,0.5140570402145386,0.12596042454242706
0,0.7802897691726685,1.803736925125122
0,0.808528482913971,1.5583674907684326
0,0.32456302642822266,0.14555016160011292
0,0.4655495882034302,0.3817480206489563
0,0.5342525839805603,0.21985885500907898
0,0.7420715689659119,1.665815830230713
0,0.1835736334323883,0.052810899913311005
0,0.7161908745765686,2.1921157836914062
0,0.46703195571899414,0.36613303422927856
0,0.37133142352104187,0.1084146648645401
0,0.7380114793777466,2.3539769649505615
0,0.7239498496055603,1.9061992168426514
0,0.7378897070884705,2.2087438106536865
0,0.20926643908023834,0.0753268152475357
0,0.32560285925865173,0.08941962569952011
0,0.2677592933177948,0.08253113925457001
0,0.32513538002967834,0.046085529029369354
0,0.7176133990287781,2.7828142642974854
5,0.7377183437347412,2.267636299133301
0,0.2228555977344513,0.0326802134513855
0,0.594024121761322,0.2026330679655075
0,0.4704846441745758,0.14177006483078003
0,0.7831336259841919,1.489595651626587
0,0.22176431119441986,0.04189237207174301
0,0.48491618037223816,0.171645849943161
0,0.765840470790863,2.0404739379882812
0,0.44511815905570984,0.17272575199604034
0,0.307305246591568,0.08900345116853714
0,0.7817324995994568,1.5388253927230835
0,0.7594766616821289,1.8943825960159302
0,0.7424609661102295,4.114701271057129
0,0.7683444023132324,2.2984731197357178
0,0.7531521916389465,2.18921160697937
0,0.32361775636672974,0.10771673917770386
0,0.27014628052711487,0.054479341953992844
0,0.2382456511259079,0.06630115211009979
0,0.7664618492126465,2.13881254196167
0,0.22516509890556335,0.04523602873086929
3,0.6562598347663879,1.9249826669692993
0,0.2731110751628876,0.044727422297000885
0,0.37435680627822876,0.15546914935112
0,0.28363683819770813,0.07299262285232544
0,0.2112288624048233,0.05193407088518143
0,0.5489562749862671,0.30857980251312256
0,0.1899641752243042,0.08701694011688232
0,0.19884800910949707,0.09082712233066559
5,0.6795194149017334,1.8728725910186768
0,0.1831200122833252,0.06381537020206451
0,0.7503637075424194,2.180814266204834
0,0.6917325854301453,1.444040298461914
0,0.7652103900909424,1.9886964559555054
0,0.7245122790336609,2.1341805458068848
0,0.779233455657959,2.1364223957061768
0,0.7523617744445801,1.212849497795105
0,0.20520256459712982,0.039023976773023605
0,0.7533823251724243,2.1313652992248535
0,0.7364463210105896,1.4315838813781738
0,0.7496308088302612,2.8100106716156006
0,0.7736515998840332,1.6892811059951782
0,0.5216505527496338,0.2508355379104614
0,0.7430678606033325,3.3137526512145996
0,0.3896056115627289,0.09593982994556427
0,0.35590019822120667,0.18255145847797394
0,0.7534006237983704,2.111009120941162
0,0.41629454493522644,0.1376582533121109
0,0.7583341002464294,1.578153133392334
0,0.3929346203804016,0.1182679831981659
0,0.3589889705181122,0.07938625663518906
0,0.7451474666595459,2.9758715629577637
0,0.7278473377227783,2.2526865005493164
0,0.2582342326641083,0.08598984777927399
0,0.22935275733470917,0.08922792226076126
0,0.24200525879859924,0.13475856184959412
0,0.4564637839794159,0.39296597242355347
0,0.20017200708389282,0.08646533638238907
0,0.7814779281616211,1.4376404285430908
0,0.21990494430065155,0.04489649832248688
0,0.737683892250061,1.9830881357192993
0,0.2129751592874527,0.08981170505285263
0,0.30556175112724304,0.17372789978981018
0,0.20824553072452545,0.09748448431491852
0,0.7402985095977783,1.6021196842193604
0,0.7738103270530701,2.245940685272217
0,0.7522088885307312,2.6900887489318848
0,0.278163343667984,0.04523979872465134
0,0.7781711220741272,2.174107074737549
0,0.7455543875694275,2.16705322265625
0,0.7245896458625793,3.5477943420410156
0,0.7793339490890503,2.7149529457092285
0,0.7875719666481018,2.9148764610290527
0,0.35526198148727417,0.09535373002290726
0,0.34167882800102234,0.06873215734958649
0,0.22214746475219727,0.07415314018726349
0,0.30961811542510986,0.06969831883907318
0,0.7395445108413696,2.284984588623047
0,0.454624742269516,0.22186678647994995
0,0.7655471563339233,1.3585211038589478
0,0.803158700466156,1.7564115524291992
0,0.736352801322937,2.8811898231506348
0,0.7701332569122314,1.7459313869476318
0,0.2982795834541321,0.08000515401363373
0,0.24429520964622498,0.041329335421323776
0,0.7447206377983093,2.099008560180664
0,0.3047610819339752,0.07876395434141159
0,0.22974318265914917,0.05701356381177902
0,0.23125599324703217,0.06652535498142242
0,0.6587637066841125,0.3705178499221802
0,0.5096501111984253,0.2850974500179291
0,0.22911497950553894,0.05486423522233963
0,0.4085409343242645,0.2924303412437439
0,0.3561854064464569,0.11168482899665833
0,0.44245436787605286,0.12816347181797028
0,0.468764066696167,0.47433918714523315
0,0.2862635850906372,0.05381498485803604
0,0.3630274832248688,1.2393022775650024
0,0.2195516973733902,0.09241102635860443
0,0.7043906450271606,1.6841404438018799
0,0.4283110201358795,0.4547745883464813
0,0.6782872676849365,2.0388031005859375
0,0.7261521816253662,2.411105155944824
0,0.7624393701553345,1.6472067832946777
0,0.7687132954597473,2.5218052864074707
0,0.2913929224014282,0.1425020396709442
0,0.5724334120750427,0.43242764472961426
0,0.2142045646905899,0.08604815602302551
0,0.7388327121734619,1.977170705795288
0,0.20130686461925507,0.048753753304481506
0,0.20617705583572388,0.11085189133882523
0,0.35809749364852905,0.4117729067802429
0,0.7790806293487549,2.797018527984619
0,0.784031331539154,1.6383711099624634
4,0.6672399640083313,2.5373620986938477
0,0.27241164445877075,0.05089790001511574
0,0.7745010852813721,2.1347482204437256
0,0.7400809526443481,2.2456374168395996
0,0.6277093887329102,0.904991626739502
0,0.19154340028762817,0.036437489092350006
0,0.28089529275894165,0.049428775906562805
0,0.7133909463882446,2.5229766368865967
0,0.7631416320800781,2.801060914993286
0,0.281906396150589,0.04885262995958328
0,0.7528699636459351,3.1530442237854004
0,0.48360005021095276,0.19465328752994537
0,0.6942142248153687,2.427018165588379
0,0.7959719896316528,2.0349907875061035
0,0.7155541181564331,1.9181764125823975
0,0.7737439870834351,1.8802297115325928
0,0.2989564538002014,0.06013786792755127
0,0.7383106350898743,2.627635955810547
0,0.21363283693790436,0.05758441239595413
0,0.2290913164615631,0.03906586766242981
0,0.7811975479125977,1.4293941259384155
0,0.2493676096200943,0.09614197909832001
0,0.7573094964027405,2.4029972553253174
0,0.7654039263725281,2.1009106636047363
0,0.24715758860111237,0.11345358937978745
0,0.7964566349983215,1.8541889190673828
0,0.752717137336731,2.739368200302124
0,0.5154076814651489,0.20707567036151886
0,0.7839759588241577,2.6216182708740234
0,0.7035573124885559,2.0759382247924805
0,0.39763200283050537,0.12065820395946503
0,0.31000280380249023,0.03354141488671303
0,0.7270959615707397,2.5382468700408936
0,0.7310113310813904,2.428293228149414
0,0.2986820936203003,0.04142597317695618
0,0.23327504098415375,0.0608803927898407
0,0.7585774660110474,1.6091282367706299
0,0.2613792419433594,0.04187026619911194
0,0.1900995820760727,0.07727689296007156
0,0.2420174926519394,0.09278259426355362
0,0.7989989519119263,2.425319194793701
0,0.7666096091270447,1.9475866556167603
0,0.7985550165176392,2.1405715942382812
0,0.2721530497074127,0.0579015277326107
0,0.781425952911377,2.12003493309021
0,0.8027003407478333,1.7594332695007324
0,0.1920372098684311,0.04999926686286926
0,0.20538221299648285,0.03903224319219589
2,0.6597274541854858,1.7754627466201782
0,0.3094613254070282,0.06541479378938675
0,0.5018638968467712,0.1750420331954956
0,0.31380993127822876,0.09785406291484833
0,0.7508308291435242,1.3585435152053833
0,0.7874067425727844,1.206272006034851
0,0.7443919777870178,2.0780959129333496
0,0.7687544226646423,1.9544050693511963
0,0.7482832074165344,1.8479200601577759
0,0.24159851670265198,0.036740973591804504
0,0.7593641877174377,2.049746513366699
0,0.7861799001693726,1.9416112899780273
0,0.2741376459598541,0.04399214684963226
0,0.734990656375885,3.015519618988037
0,0.29099446535110474,0.03730716183781624
0,0.7717830538749695,1.3982739448547363
0,0.7541501522064209,1.8424289226531982
0,0.22612567245960236,0.04803524166345596
0,0.2366776466369629,0.0401504784822464
0,0.20537105202674866,0.11456682533025742
0,0.43932199478149414,0.20504195988178253
0,0.7286888957023621,2.710411787033081
0,0.2627881169319153,0.040851395577192307
0,0.7929342985153198,1.4713099002838135
0,0.6747150421142578,0.7985888719558716
0,0.7779013514518738,2.970316171646118
0,0.2043008953332901,0.03452741354703903
0,0.26843422651290894,0.1793709397315979
0,0.3456718921661377,0.0854722410440445
4,0.6957042217254639,2.8456053733825684
3,0.677191436290741,2.2171120643615723
0,0.7571595311164856,2.144977569580078
0,0.7375121712684631,3.8321533203125
0,0.7123642563819885,1.2633254528045654
0,0.787330687046051,2.5238704681396484
0,0.20521903038024902,0.0424763485789299
0,0.36874306201934814,0.16222348809242249
0,0.7405108213424683,1.9541261196136475
0,0.7758259177207947,1.4564491510391235
0,0.7476158738136292,2.746039390563965
0,0.719393789768219,2.1546101570129395
0,0.77845698595047,3.1794490814208984
0,0.7783551812171936,3.217407703399658
3,0.6012710332870483,1.7815735340118408
3,0.726975679397583,3.1211981773376465
0,0.7190861701965332,3.2194011211395264
0,0.4347010850906372,0.11953006684780121
0,0.4705032706260681,0.19308483600616455
0,0.745825469493866,2.232240915298462
0,0.31934651732444763,0.11586108803749084
0,0.25183868408203125,0.08722567558288574
0,0.6842967867851257,1.532989740371704
0,0.728074312210083,3.249699592590332
0,0.3128288686275482,0.2488483488559723
0,0.7160550355911255,2.9816155433654785
0,0.7638300657272339,1.5010838508605957
0,0.4239885210990906,0.10597425699234009
0,0.3403138220310211,0.06358984112739563
0,0.749497652053833,2.2541351318359375
0,0.32355958223342896,0.08215326070785522
0,0.19032235443592072,0.06573418527841568
0,0.8083775639533997,1.829634666442871
0,0.7248257398605347,2.1723952293395996
0,0.22051428258419037,0.1295185685157776
0,0.1846827119588852,0.06735870242118835
0,0.33380335569381714,0.1950530707836151
0,0.7808601260185242,2.0663065910339355
0,0.6848670840263367,0.5453651547431946
0,0.23396418988704681,0.11165709793567657
1,0.7250229120254517,2.0835609436035156
0,0.20600581169128418,0.12344207614660263
0,0.418841153383255,0.1602323353290558
0,0.7491190433502197,1.3661818504333496
0,0.469224214553833,0.12289604544639587
0,0.2223711907863617,0.07267138361930847
0,0.26148247718811035,0.0450967513024807
0,0.31068935990333557,0.03908880800008774
0,0.3491043448448181,0.11794540286064148
0,0.42046046257019043,0.09719501435756683
0,0.7109177112579346,1.5975522994995117
0,0.7701326012611389,1.8724297285079956
0,0.2421475052833557,0.04612477868795395
0,0.22323298454284668,0.044139642268419266
0,0.7538287043571472,2.7627370357513428
0,0.6700433492660522,2.753948926925659
0,0.3152247667312622,0.052738603204488754
0,0.7385780215263367,2.4312639236450195
0,0.2656819522380829,0.1316823661327362
0,0.7573956847190857,2.3297197818756104
0,0.7658662796020508,1.827061414718628
0,0.38979965448379517,0.3435811996459961
0,0.7756035327911377,2.474213123321533
0,0.7603693604469299,1.5289798974990845
2,0.6924834847450256,1.7339365482330322
0,0.7756376266479492,2.210906505584717
0,0.7406238317489624,1.696022868156433
0,0.6974151134490967,1.8397940397262573
0,0.68752521276474,2.356534242630005
0,0.7562322020530701,1.7535494565963745
0,0.3109115958213806,0.07936115562915802
0,0.43913155794143677,0.547013521194458
0,0.2585000991821289,0.05717478320002556
0,0.71086186170578,2.4889919757843018
0,0.7429574131965637,2.2341530323028564
0,0.8195788860321045,2.041619062423706
0,0.7538247108459473,1.6814138889312744
0,0.8045472502708435,2.069891929626465
0,0.25549623370170593,0.09443903714418411
0,0.1889776885509491,0.06651832908391953
0,0.23940423130989075,0.10738112032413483
0,0.7282894253730774,2.3629837036132812
0,0.798326849937439,1.9082143306732178
0,0.19707731902599335,0.05181579291820526
0,0.38348111510276794,0.1446000635623932
0,0.32465752959251404,0.2616389989852905
0,0.7615911960601807,1.7605865001678467
0,0.2270345240831375,0.07356911897659302
0,0.31776559352874756,0.10077962279319763
0,0.7808875441551208,2.7223968505859375
0,0.30455490946769714,0.06594088673591614
0,0.7803630828857422,2.4075891971588135
0,0.22806352376937866,0.052380211651325226
0,0.33632341027259827,0.07868865132331848
0,0.5364354848861694,0.1659398227930069
0,0.7473913431167603,2.241652250289917
0,0.28109830617904663,0.10747373849153519
0,0.3967132568359375,0.12014743685722351
0,0.7587405443191528,1.6497100591659546
0,0.25562188029289246,0.05952993780374527
0,0.7647629380226135,2.5339107513427734
0,0.7659077048301697,2.4674136638641357
0,0.787458062171936,1.3753390312194824
0,0.20341205596923828,0.038405582308769226
0,0.2656543552875519,0.09425072371959686
0,0.7137348651885986,2.0662150382995605
0,0.7826051115989685,1.622046709060669
0,0.7476577758789062,3.8110709190368652
4,0.6697652339935303,2.2997233867645264
0,0.7500338554382324,1.2420574426651
0,0.7176453471183777,2.1580114364624023
0,0.5549764037132263,0.347789466381073
0,0.43626871705055237,0.17431096732616425
0,0.7542672753334045,2.572704792022705
5,0.6769524216651917,3.339221477508545
0,0.19003959000110626,0.03750878572463989
0,0.2062826007604599,0.0437592938542366
0,0.21243101358413696,0.04054056853055954
0,0.7081055641174316,2.0793142318725586
0,0.7270040512084961,2.2750306129455566
0,0.4600589871406555,0.2271653413772583
0,0.7799071073532104,1.4548407793045044
1,0.6842144131660461,1.6374012231826782
0,0.2198002189397812,0.048619773238897324
0,0.15409860014915466,0.03669949620962143
0,0.7139421701431274,2.32000732421875
0,0.723856508731842,2.381593704223633
0,0.6943906545639038,2.9811503887176514
0,0.7568654417991638,1.466999888420105
0,0.19132593274116516,0.05797748267650604
5,0.7050139904022217,2.762437105178833
0,0.24529826641082764,0.05756731331348419
0,0.7880879640579224,2.0467944145202637
0,0.4004354476928711,0.14707982540130615
0,0.7767124772071838,1.8110558986663818
0,0.20824243128299713,0.040664687752723694
0,0.2683233320713043,0.04215417429804802
0,0.7385900020599365,2.742856502532959
0,0.3173896372318268,0.11370290070772171
0,0.8082799315452576,1.7055628299713135
0,0.3746437132358551,0.12833285331726074
0,0.7732996344566345,1.0478204488754272
0,0.680033266544342,1.5751590728759766
0,0.7318018078804016,1.1747167110443115
0,0.23903769254684448,0.05411992222070694
0,0.17991779744625092,0.08650658279657364
0,0.31289318203926086,0.07754084467887878
0,0.7519680261611938,3.3384084701538086
0,0.7797337770462036,2.338791847229004
0,0.2544988989830017,0.11523640900850296
0,0.7022448182106018,2.913036346435547
0,0.4599870443344116,0.14701002836227417
0,0.734329342842102,2.8674676418304443
0,0.7254117131233215,3.4278934001922607
0,0.7992332577705383,1.784787893295288
0,0.6014904379844666,0.268537700176239
0,0.732716977596283,1.2597161531448364
0,0.5035597681999207,0.36395764350891113
0,0.23784643411636353,0.076355941593647
0,0.2422696202993393,0.07957692444324493
0,0.7946410179138184,2.1510562896728516
0,0.7758487462997437,3.098193645477295
0,0.7869530320167542,1.8570504188537598
0,0.7502682209014893,2.4517955780029297
0,0.736526608467102,2.5354256629943848
0,0.24513016641139984,0.08730240911245346
0,0.8038292527198792,1.5481992959976196
0,0.20340803265571594,0.10061679780483246
0,0.3249894380569458,0.04086470231413841
0,0.8103158473968506,1.4911108016967773
0,0.35795101523399353,0.11084317415952682
0,0.7790513634681702,1.451267957687378
0,0.7364748120307922,1.8214428424835205
0,0.2037111520767212,0.0523047149181366
0,0.8029042482376099,1.892925500869751
0,0.25018271803855896,0.0659920871257782
0,0.4033246338367462,0.10770856589078903
0,0.7315018177032471,2.8203845024108887
0,0.7466140985488892,1.485525131225586
0,0.22014278173446655,0.09813377261161804
0,0.7559589743614197,2.6478376388549805
0,0.19405107200145721,0.03411916643381119
0,0.3207134008407593,0.05899461358785629
0,0.21199847757816315,0.07129331678152084
0,0.7670585513114929,2.7873711585998535
0,0.7870540022850037,2.027427911758423
0,0.7601507306098938,2.2845306396484375
0,0.7616596221923828,2.374521255493164
0,0.729637622833252,2.0737247467041016
0,0.24349164962768555,0.06265689432621002
0,0.219109907746315,0.039845164865255356
0,0.8067294359207153,1.3137140274047852
0,0.7648245096206665,1.6772899627685547
0,0.7100911736488342,1.3926135301589966
0,0.3468019366264343,0.06657829135656357
0,0.7388960719108582,2.321229934692383
